{
  "token_acc": 0.9998979384,
  "token_p": 0.9994896918,
  "token_r": 0.9995917117,
  "token_f": 0.9995406992,
  "tag_acc": 0.9482494641,
  "pos_acc": 0.9606001837,
  "morph_acc": 0.9541696438,
  "morph_micro_p": 0.9727982163,
  "morph_micro_r": 0.971714922,
  "morph_micro_f": 0.9722562674,
  "morph_per_feat": {
    "Case": {
      "p": 0.9824710206,
      "r": 0.9835833569,
      "f": 0.9830268741
    },
    "Definite": {
      "p": 0.9775280899,
      "r": 0.9739651133,
      "f": 0.975743349
    },
    "Gender": {
      "p": 0.9734042553,
      "r": 0.9711084906,
      "f": 0.9722550177
    },
    "Number": {
      "p": 0.9626028422,
      "r": 0.9585402185,
      "f": 0.9605672347
    },
    "Mood": {
      "p": 0.98,
      "r": 0.9872746554,
      "f": 0.9836238774
    },
    "Tense": {
      "p": 0.9590382903,
      "r": 0.9702702703,
      "f": 0.9646215853
    },
    "VerbForm": {
      "p": 0.9614667495,
      "r": 0.971123666,
      "f": 0.9662710806
    },
    "Voice": {
      "p": 0.9785714286,
      "r": 0.9884559885,
      "f": 0.9834888729
    },
    "PronType": {
      "p": 0.9728506787,
      "r": 0.9583952452,
      "f": 0.9655688623
    },
    "Degree": {
      "p": 0.9769392034,
      "r": 0.9578622816,
      "f": 0.9673066943
    },
    "Poss": {
      "p": 0.9921875,
      "r": 0.9921875,
      "f": 0.9921875
    },
    "Polarity": {
      "p": 0.99,
      "r": 0.9705882353,
      "f": 0.9801980198
    },
    "NumType": {
      "p": 0.9491525424,
      "r": 0.9491525424,
      "f": 0.9491525424
    },
    "Abbr": {
      "p": 0.8823529412,
      "r": 0.9375,
      "f": 0.9090909091
    }
  },
  "sents_p": 0.8935361217,
  "sents_r": 0.9325396825,
  "sents_f": 0.9126213592,
  "dep_uas": 0.8339750849,
  "dep_las": 0.7849377123,
  "dep_las_per_type": {
    "nsubj": {
      "p": 0.8119205298,
      "r": 0.7981770833,
      "f": 0.804990151
    },
    "root": {
      "p": 0.8346007605,
      "r": 0.871031746,
      "f": 0.8524271845
    },
    "case": {
      "p": 0.8895216401,
      "r": 0.881489842,
      "f": 0.8854875283
    },
    "det": {
      "p": 0.9264413519,
      "r": 0.9119373777,
      "f": 0.9191321499
    },
    "obl": {
      "p": 0.6648841355,
      "r": 0.6648841355,
      "f": 0.6648841355
    },
    "nsubj:pass": {
      "p": 0.8191489362,
      "r": 0.793814433,
      "f": 0.8062827225
    },
    "acl:relcl": {
      "p": 0.6740740741,
      "r": 0.6842105263,
      "f": 0.6791044776
    },
    "advmod": {
      "p": 0.750617284,
      "r": 0.7619047619,
      "f": 0.7562189055
    },
    "amod": {
      "p": 0.9150326797,
      "r": 0.9135399674,
      "f": 0.9142857143
    },
    "obl:agent": {
      "p": 0.7058823529,
      "r": 0.8,
      "f": 0.75
    },
    "aux": {
      "p": 0.9264069264,
      "r": 0.9264069264,
      "f": 0.9264069264
    },
    "nmod:poss": {
      "p": 0.9534883721,
      "r": 0.9571984436,
      "f": 0.9553398058
    },
    "obj": {
      "p": 0.796875,
      "r": 0.8644067797,
      "f": 0.8292682927
    },
    "nmod": {
      "p": 0.6925675676,
      "r": 0.6466876972,
      "f": 0.6688417618
    },
    "mark": {
      "p": 0.8241308793,
      "r": 0.8309278351,
      "f": 0.8275154004
    },
    "advcl": {
      "p": 0.4906542056,
      "r": 0.546875,
      "f": 0.5172413793
    },
    "cop": {
      "p": 0.8342857143,
      "r": 0.8488372093,
      "f": 0.8414985591
    },
    "xcomp": {
      "p": 0.6590909091,
      "r": 0.6041666667,
      "f": 0.6304347826
    },
    "cc": {
      "p": 0.796875,
      "r": 0.8188073394,
      "f": 0.8076923077
    },
    "conj": {
      "p": 0.6283367556,
      "r": 0.6455696203,
      "f": 0.6368366285
    },
    "appos": {
      "p": 0.2380952381,
      "r": 0.1428571429,
      "f": 0.1785714286
    },
    "acl": {
      "p": 0.6984126984,
      "r": 0.4536082474,
      "f": 0.55
    },
    "iobj": {
      "p": 0.7647058824,
      "r": 0.619047619,
      "f": 0.6842105263
    },
    "compound:prt": {
      "p": 0.7160493827,
      "r": 0.8285714286,
      "f": 0.7682119205
    },
    "fixed": {
      "p": 0.7711864407,
      "r": 0.6740740741,
      "f": 0.7193675889
    },
    "parataxis": {
      "p": 0.4347826087,
      "r": 0.3921568627,
      "f": 0.412371134
    },
    "expl": {
      "p": 0.4528301887,
      "r": 0.5581395349,
      "f": 0.5
    },
    "csubj": {
      "p": 0.303030303,
      "r": 0.3703703704,
      "f": 0.3333333333
    },
    "acl:cleft": {
      "p": 0.2727272727,
      "r": 0.2727272727,
      "f": 0.2727272727
    },
    "ccomp": {
      "p": 0.5769230769,
      "r": 0.6382978723,
      "f": 0.6060606061
    },
    "nummod": {
      "p": 0.7777777778,
      "r": 0.7142857143,
      "f": 0.7446808511
    },
    "aux:pass": {
      "p": 0.0,
      "r": 0.0,
      "f": 0.0
    },
    "dislocated": {
      "p": 0.5,
      "r": 0.25,
      "f": 0.3333333333
    },
    "flat:name": {
      "p": 1.0,
      "r": 0.5454545455,
      "f": 0.7058823529
    },
    "dep": {
      "p": 0.0,
      "r": 0.0,
      "f": 0.0
    },
    "csubj:pass": {
      "p": 0.0,
      "r": 0.0,
      "f": 0.0
    },
    "discourse": {
      "p": 0.0,
      "r": 0.0,
      "f": 0.0
    },
    "orphan": {
      "p": 0.0,
      "r": 0.0,
      "f": 0.0
    },
    "vocative": {
      "p": 0.0,
      "r": 0.0,
      "f": 0.0
    }
  },
  "lemma_acc": 0.9557007247,
  "ents_p": 0.8516666667,
  "ents_r": 0.7459854015,
  "ents_f": 0.7953307393,
  "ents_per_type": {
    "PRS": {
      "p": 0.9109119663,
      "r": 0.8930232558,
      "f": 0.9018789144
    },
    "ORG": {
      "p": 0.6402439024,
      "r": 0.593220339,
      "f": 0.6158357771
    },
    "LOC": {
      "p": 0.9020172911,
      "r": 0.8892045455,
      "f": 0.895565093
    },
    "TME": {
      "p": 0.5652173913,
      "r": 0.2434456929,
      "f": 0.3403141361
    },
    "OBJ": {
      "p": 0.6086956522,
      "r": 0.4242424242,
      "f": 0.5
    },
    "MSR": {
      "p": 0.4814814815,
      "r": 0.1604938272,
      "f": 0.2407407407
    },
    "WRK": {
      "p": 0.5348837209,
      "r": 0.247311828,
      "f": 0.3382352941
    },
    "EVN": {
      "p": 0.8181818182,
      "r": 0.375,
      "f": 0.5142857143
    }
  },
  "speed": 10034.1353234247
}